{
  "id": "3158374",
  "name": "zuoye",
  "font_family": "iconfont",
  "css_prefix_text": "icon-",
  "description": "",
  "glyphs": [
    {
      "icon_id": "17357488",
      "name": "记事本",
      "font_class": "jishiben",
      "unicode": "e61f",
      "unicode_decimal": 58911
    },
    {
      "icon_id": "1248",
      "name": "删除",
      "font_class": "shanchu",
      "unicode": "e602",
      "unicode_decimal": 58882
    },
    {
      "icon_id": "4539890",
      "name": "星星",
      "font_class": "xingxing",
      "unicode": "e617",
      "unicode_decimal": 58903
    },
    {
      "icon_id": "5269217",
      "name": "购物车",
      "font_class": "gouwuche",
      "unicode": "e622",
      "unicode_decimal": 58914
    },
    {
      "icon_id": "7057770",
      "name": "综合表",
      "font_class": "zonghebiao",
      "unicode": "e609",
      "unicode_decimal": 58889
    },
    {
      "icon_id": "233653",
      "name": "分离1",
      "font_class": "fenli1",
      "unicode": "e608",
      "unicode_decimal": 58888
    },
    {
      "icon_id": "2279453",
      "name": "箭头",
      "font_class": "jiantou-copy",
      "unicode": "e632",
      "unicode_decimal": 58930
    },
    {
      "icon_id": "3668536",
      "name": "红心",
      "font_class": "hongxin",
      "unicode": "e689",
      "unicode_decimal": 59017
    },
    {
      "icon_id": "1488903",
      "name": "随机",
      "font_class": "suiji",
      "unicode": "e60b",
      "unicode_decimal": 58891
    },
    {
      "icon_id": "5030",
      "name": "购物车满",
      "font_class": "gouwucheman",
      "unicode": "e601",
      "unicode_decimal": 58881
    },
    {
      "icon_id": "11372728",
      "name": "眼睛",
      "font_class": "yanjing",
      "unicode": "e8bf",
      "unicode_decimal": 59583
    },
    {
      "icon_id": "11586543",
      "name": "左右箭头",
      "font_class": "icon-prev",
      "unicode": "e600",
      "unicode_decimal": 58880
    },
    {
      "icon_id": "17793412",
      "name": "左右箭头",
      "font_class": "zuoyoujiantou",
      "unicode": "e67d",
      "unicode_decimal": 59005
    },
    {
      "icon_id": "5387583",
      "name": "箭头_向右",
      "font_class": "jiantou_xiangyou",
      "unicode": "eb08",
      "unicode_decimal": 60168
    },
    {
      "icon_id": "287187",
      "name": "下拉箭头",
      "font_class": "xialajiantou",
      "unicode": "e638",
      "unicode_decimal": 58936
    },
    {
      "icon_id": "658017",
      "name": "个人",
      "font_class": "geren",
      "unicode": "e657",
      "unicode_decimal": 58967
    },
    {
      "icon_id": "5387459",
      "name": "购物袋",
      "font_class": "gouwudai",
      "unicode": "ead9",
      "unicode_decimal": 60121
    },
    {
      "icon_id": "11372639",
      "name": "爱心",
      "font_class": "aixin",
      "unicode": "e8ab",
      "unicode_decimal": 59563
    },
    {
      "icon_id": "19949527",
      "name": "搜索",
      "font_class": "sousuo",
      "unicode": "e60a",
      "unicode_decimal": 58890
    }
  ]
}
